[{"id":"user-image-s.jpg","publicUrl":"np://user.desktop.nicepage.com/Site_2346218263/images/s.jpg","size":114507,"fileName":"s.jpg","name":"s","width":1600,"height":960,"thumbnail":{"url":"np://user.desktop.nicepage.com/Site_2346218263/images/thumbnails/s.jpg","width":250,"height":150},"originalUrl":"//images01.nicepage.com/c461c07a441a5d220e8feb1a/c05e1953084e55a18db6c559/s.jpg"},{"id":"user-image-logo.png","publicUrl":"np://user.desktop.nicepage.com/Site_2346218263/images/logo.png","size":81068,"fileName":"logo.png","name":"logo","width":864,"height":1080,"thumbnail":{"url":"np://user.desktop.nicepage.com/Site_2346218263/images/thumbnails/logo.png","width":200,"height":250}},{"id":"user-image-DSC_0409.jpg","publicUrl":"np://user.desktop.nicepage.com/Site_2346218263/images/DSC_0409.jpg","size":3782611,"fileName":"DSC_0409.jpg","name":"DSC_0409","width":4000,"height":6000,"thumbnail":{"url":"np://user.desktop.nicepage.com/Site_2346218263/images/thumbnails/DSC_0409.jpg","width":167,"height":250}},{"id":"user-image-71348466_378994072769185_4855784390136954880_n.jpg","publicUrl":"np://user.desktop.nicepage.com/Site_2346218263/images/71348466_378994072769185_4855784390136954880_n.jpg","size":385963,"fileName":"71348466_378994072769185_4855784390136954880_n.jpg","name":"71348466_378994072769185_4855784390136954880_n","width":1344,"height":2015,"thumbnail":{"url":"np://user.desktop.nicepage.com/Site_2346218263/images/thumbnails/71348466_378994072769185_4855784390136954880_n.jpg","width":167,"height":250}},{"id":"user-image-2022_06_24_20_28_IMG_5201.JPG","publicUrl":"np://user.desktop.nicepage.com/Site_2346218263/images/2022_06_24_20_28_IMG_5201.JPG","size":3720299,"fileName":"2022_06_24_20_28_IMG_5201.JPG","name":"2022_06_24_20_28_IMG_5201","width":4928,"height":3264,"thumbnail":{"url":"np://user.desktop.nicepage.com/Site_2346218263/images/thumbnails/2022_06_24_20_28_IMG_5201.JPG","width":250,"height":166}},{"id":"user-image-01.jpg","publicUrl":"np://user.desktop.nicepage.com/Site_2346218263/images/01.jpg","size":1863003,"fileName":"01.jpg","name":"01","width":5656,"height":3456,"thumbnail":{"url":"np://user.desktop.nicepage.com/Site_2346218263/images/thumbnails/01.jpg","width":250,"height":153}},{"id":"user-image-DSC_5191.jpg","publicUrl":"np://user.desktop.nicepage.com/Site_2346218263/images/DSC_5191.jpg","size":1389315,"fileName":"DSC_5191.jpg","name":"DSC_5191","width":4928,"height":3264,"thumbnail":{"url":"np://user.desktop.nicepage.com/Site_2346218263/images/thumbnails/DSC_5191.jpg","width":250,"height":166}},{"id":"user-image-2022_09_20_09_13_IMG_9192.JPG","publicUrl":"np://user.desktop.nicepage.com/Site_2346218263/images/2022_09_20_09_13_IMG_9192.JPG","size":1786149,"fileName":"2022_09_20_09_13_IMG_9192.JPG","name":"2022_09_20_09_13_IMG_9192","width":3223,"height":2572,"thumbnail":{"url":"np://user.desktop.nicepage.com/Site_2346218263/images/thumbnails/2022_09_20_09_13_IMG_9192.JPG","width":250,"height":200}},{"id":"user-image-2022_09_20_09_13_IMG_9230.JPG","publicUrl":"np://user.desktop.nicepage.com/Site_2346218263/images/2022_09_20_09_13_IMG_9230.JPG","size":3509453,"fileName":"2022_09_20_09_13_IMG_9230.JPG","name":"2022_09_20_09_13_IMG_9230","width":4928,"height":3264,"thumbnail":{"url":"np://user.desktop.nicepage.com/Site_2346218263/images/thumbnails/2022_09_20_09_13_IMG_9230.JPG","width":250,"height":166}},{"id":"user-image-64a42f0d0ba1a81a186655a4e123988d.jpeg","publicUrl":"np://user.desktop.nicepage.com/Site_2346218263/images/64a42f0d0ba1a81a186655a4e123988d.jpeg","size":77299,"fileName":"64a42f0d0ba1a81a186655a4e123988d.jpeg","name":"64a42f0d0ba1a81a186655a4e123988d","width":551,"height":606,"thumbnail":{"url":"np://user.desktop.nicepage.com/Site_2346218263/images/thumbnails/64a42f0d0ba1a81a186655a4e123988d.jpeg","width":227,"height":250},"originalUrl":"//images01.nicepage.com/64/a4/64a42f0d0ba1a81a186655a4e123988d.jpeg"},{"id":"user-image-f5a1d7165b77e8984682e59f3627c626.jpeg","publicUrl":"np://user.desktop.nicepage.com/Site_2346218263/images/f5a1d7165b77e8984682e59f3627c626.jpeg","size":97351,"fileName":"f5a1d7165b77e8984682e59f3627c626.jpeg","name":"f5a1d7165b77e8984682e59f3627c626","width":700,"height":514,"thumbnail":{"url":"np://user.desktop.nicepage.com/Site_2346218263/images/thumbnails/f5a1d7165b77e8984682e59f3627c626.jpeg","width":250,"height":184},"originalUrl":"//images01.nicepage.com/f5/a1/f5a1d7165b77e8984682e59f3627c626.jpeg"},{"id":"user-image-31eeeebcf208dbb4c9feeab14b4d8307.jpeg","publicUrl":"np://user.desktop.nicepage.com/Site_2346218263/images/31eeeebcf208dbb4c9feeab14b4d8307.jpeg","size":174828,"fileName":"31eeeebcf208dbb4c9feeab14b4d8307.jpeg","name":"31eeeebcf208dbb4c9feeab14b4d8307","width":700,"height":998,"thumbnail":{"url":"np://user.desktop.nicepage.com/Site_2346218263/images/thumbnails/31eeeebcf208dbb4c9feeab14b4d8307.jpeg","width":175,"height":250},"originalUrl":"//images01.nicepage.com/31/ee/31eeeebcf208dbb4c9feeab14b4d8307.jpeg"},{"id":"user-image-c2019167dd66aebefd76948301fb4487.jpeg","publicUrl":"np://user.desktop.nicepage.com/Site_2346218263/images/c2019167dd66aebefd76948301fb4487.jpeg","size":100669,"fileName":"c2019167dd66aebefd76948301fb4487.jpeg","name":"c2019167dd66aebefd76948301fb4487","width":700,"height":485,"thumbnail":{"url":"np://user.desktop.nicepage.com/Site_2346218263/images/thumbnails/c2019167dd66aebefd76948301fb4487.jpeg","width":250,"height":173},"originalUrl":"//images01.nicepage.com/c2/01/c2019167dd66aebefd76948301fb4487.jpeg"},{"id":"user-image-2a62684f28c4733c729d991f2e00bcda.jpeg","publicUrl":"np://user.desktop.nicepage.com/Site_2346218263/images/2a62684f28c4733c729d991f2e00bcda.jpeg","size":101613,"fileName":"2a62684f28c4733c729d991f2e00bcda.jpeg","name":"2a62684f28c4733c729d991f2e00bcda","width":800,"height":1095,"thumbnail":{"url":"np://user.desktop.nicepage.com/Site_2346218263/images/thumbnails/2a62684f28c4733c729d991f2e00bcda.jpeg","width":183,"height":250},"originalUrl":"//images01.nicepage.com/2a/62/2a62684f28c4733c729d991f2e00bcda.jpeg"},{"id":"user-image-1a21d1171d04f86c41c5076644adbd5c.jpeg","publicUrl":"np://user.desktop.nicepage.com/Site_2346218263/images/1a21d1171d04f86c41c5076644adbd5c.jpeg","size":127990,"fileName":"1a21d1171d04f86c41c5076644adbd5c.jpeg","name":"1a21d1171d04f86c41c5076644adbd5c","width":1050,"height":700,"thumbnail":{"url":"np://user.desktop.nicepage.com/Site_2346218263/images/thumbnails/1a21d1171d04f86c41c5076644adbd5c.jpeg","width":250,"height":167},"originalUrl":"//images01.nicepage.com/1a/21/1a21d1171d04f86c41c5076644adbd5c.jpeg"},{"id":"user-image-2e19fdb9cb9ed273bc4ca0dacd49be2c.jpeg","publicUrl":"np://user.desktop.nicepage.com/Site_2346218263/images/2e19fdb9cb9ed273bc4ca0dacd49be2c.jpeg","size":133331,"fileName":"2e19fdb9cb9ed273bc4ca0dacd49be2c.jpeg","name":"2e19fdb9cb9ed273bc4ca0dacd49be2c","width":700,"height":998,"thumbnail":{"url":"np://user.desktop.nicepage.com/Site_2346218263/images/thumbnails/2e19fdb9cb9ed273bc4ca0dacd49be2c.jpeg","width":175,"height":250},"originalUrl":"//images01.nicepage.com/2e/19/2e19fdb9cb9ed273bc4ca0dacd49be2c.jpeg"},{"id":"user-image-9ee77f676570b4bb75d95d4d83d8f0d4.jpeg","publicUrl":"np://user.desktop.nicepage.com/Site_2346218263/images/9ee77f676570b4bb75d95d4d83d8f0d4.jpeg","size":182192,"fileName":"9ee77f676570b4bb75d95d4d83d8f0d4.jpeg","name":"9ee77f676570b4bb75d95d4d83d8f0d4","width":800,"height":800,"thumbnail":{"url":"np://user.desktop.nicepage.com/Site_2346218263/images/thumbnails/9ee77f676570b4bb75d95d4d83d8f0d4.jpeg","width":250,"height":250},"originalUrl":"//images01.nicepage.com/9e/e7/9ee77f676570b4bb75d95d4d83d8f0d4.jpeg"},{"id":"user-image-wp1845526-canon-wallpapers.jpg","publicUrl":"np://user.desktop.nicepage.com/Site_2346218263/images/wp1845526-canon-wallpapers.jpg","size":244519,"fileName":"wp1845526-canon-wallpapers.jpg","name":"wp1845526-canon-wallpapers","width":3840,"height":2160,"thumbnail":{"url":"np://user.desktop.nicepage.com/Site_2346218263/images/thumbnails/wp1845526-canon-wallpapers.jpg","width":250,"height":141}},{"id":"user-image-pexelsphoto3283576.jpeg","publicUrl":"np://user.desktop.nicepage.com/Site_2346218263/images/pexelsphoto3283576.jpeg","size":37780,"fileName":"pexelsphoto3283576.jpeg","name":"pexelsphoto3283576","width":1000,"height":1500,"thumbnail":{"url":"np://user.desktop.nicepage.com/Site_2346218263/images/thumbnails/pexelsphoto3283576.jpeg","width":167,"height":250},"originalUrl":"//images03.nicepage.com/a1389d7bc73adea1e1c1fb7e/c424b89ba41258e79f36736f/pexelsphoto3283576.jpeg"},{"id":"user-image-pexelsphoto2911546.jpeg","publicUrl":"np://user.desktop.nicepage.com/Site_2346218263/images/pexelsphoto2911546.jpeg","size":230540,"fileName":"pexelsphoto2911546.jpeg","name":"pexelsphoto2911546","width":1125,"height":1500,"thumbnail":{"url":"np://user.desktop.nicepage.com/Site_2346218263/images/thumbnails/pexelsphoto2911546.jpeg","width":188,"height":250},"originalUrl":"//images03.nicepage.com/a1389d7bc73adea1e1c1fb7e/e66950ffd8eb5e3b976a8a69/pexelsphoto2911546.jpeg"},{"id":"user-image-pexelsphoto3380875.jpeg","publicUrl":"np://user.desktop.nicepage.com/Site_2346218263/images/pexelsphoto3380875.jpeg","size":442060,"fileName":"pexelsphoto3380875.jpeg","name":"pexelsphoto3380875","width":1200,"height":1500,"thumbnail":{"url":"np://user.desktop.nicepage.com/Site_2346218263/images/thumbnails/pexelsphoto3380875.jpeg","width":200,"height":250},"originalUrl":"//images03.nicepage.com/a1389d7bc73adea1e1c1fb7e/518e00ca5ecf50f59d2fb716/pexelsphoto3380875.jpeg"},{"id":"user-image-5.jpg","publicUrl":"np://user.desktop.nicepage.com/Site_2346218263/images/5.jpg","size":158619,"fileName":"5.jpg","name":"5","width":598,"height":598,"thumbnail":{"url":"np://user.desktop.nicepage.com/Site_2346218263/images/thumbnails/5.jpg","width":250,"height":250},"originalUrl":"//images02.nicepage.com/c461c07a441a5d220e8feb1a/59dcf6a4957250909977cbcc/5.jpg"},{"id":"user-image-7.jpg","publicUrl":"np://user.desktop.nicepage.com/Site_2346218263/images/7.jpg","size":142732,"fileName":"7.jpg","name":"7","width":598,"height":598,"thumbnail":{"url":"np://user.desktop.nicepage.com/Site_2346218263/images/thumbnails/7.jpg","width":250,"height":250},"originalUrl":"//images02.nicepage.com/c461c07a441a5d220e8feb1a/6332c300cc035cb793f6339e/7.jpg"},{"id":"user-image-4.jpg","publicUrl":"np://user.desktop.nicepage.com/Site_2346218263/images/4.jpg","size":109021,"fileName":"4.jpg","name":"4","width":598,"height":598,"thumbnail":{"url":"np://user.desktop.nicepage.com/Site_2346218263/images/thumbnails/4.jpg","width":250,"height":250},"originalUrl":"//images02.nicepage.com/c461c07a441a5d220e8feb1a/a6e04cd1015f574cb38cc7d4/4.jpg"},{"id":"user-image-zzz.jpg","publicUrl":"np://user.desktop.nicepage.com/Site_2346218263/images/zzz.jpg","size":131139,"fileName":"zzz.jpg","name":"zzz","width":598,"height":598,"thumbnail":{"url":"np://user.desktop.nicepage.com/Site_2346218263/images/thumbnails/zzz.jpg","width":250,"height":250},"originalUrl":"//images02.nicepage.com/c461c07a441a5d220e8feb1a/d57be81579335a85bee38a63/zzz.jpg"}]